"Class","Mean","Median","Maximum","BestModel"
"1",0.683388740145768,0.735854529228023,0.786970102632753,"rf_weighted"
"2",0.543144295442202,0.542151272089234,0.568470359694197,"rf_filtered"
"3",0.550216688073831,0.562847866419295,0.622977022977023,"rf_weighted"
