"Class","Mean","Median","Maximum","BestModel"
"1",0.0797663746349604,0.0901126408010012,0.121401752190238,"rf_weighted"
"2",0.313642052565707,0.346683354192741,0.446808510638298,"gbm_pca"
"3",0.105047976637463,0.097622027534418,0.215269086357947,"rf_weighted"
