"Class","Mean","Median"
"1",0.167292448894451,0.152690863579474
"2",0.577638715060492,0.632040050062578
"3",0.255068836045056,0.219023779724656
