"Class","Mean","Median","Maximum","BestModel"
"1",NA,NA,NA,"rf_onehot"
"2",0.562810299008848,0.606521739130435,0.67490494296578,"rf_filtered"
"3",0.32532638806218,0.358620689655172,0.524390243902439,"rf_weighted"
