"Class","Mean","Median","Maximum","BestModel"
"1",0.893893824038513,0.907894736842105,0.937293729372937,"rf_weighted"
"2",0.55885204670906,0.556420233463035,0.675496688741722,"rf_filtered"
"3",0.711688569415497,0.708333333333333,0.781637717121588,"rf_weighted"
