"Class","Mean","Median","Maximum","BestModel"
"1",0.469534848017607,0.569343065693431,0.663551401869159,"rf_filtered"
"2",0.545593581777794,0.548514851485149,0.566666666666667,"rf_weighted"
"3",0.380828327027119,0.429577464788732,0.568181818181818,"rf_filtered"
