"Class","Mean","Median"
"1",0.168961201501877,0.168961201501877
"2",0.505632040050063,0.505632040050063
"3",0.32540675844806,0.32540675844806
