"Class","Mean","Median","Maximum","BestModel"
"1",0.472098765432099,0.533333333333333,0.718518518518519,"rf_weighted"
"2",0.62029702970297,0.685643564356436,0.883663366336634,"gbm_pca"
"3",0.322820512820513,0.3,0.661538461538462,"rf_weighted"
