"Class","Mean","Median","Maximum","BestModel"
"1",0.894678714859438,0.921686746987952,0.94578313253012,"rf_filtered"
"2",0.465991561181434,0.422784810126582,0.769620253164557,"rf_weighted"
"3",0.777612863327149,0.820037105751391,0.964749536178108,"rf_filtered"
