"","rf_onehot","rf_filtered","rf_pca","rf_smote","rf_weighted","gbm_onehot","gbm_filtered","gbm_pca","gbm_smote","gbm_weighted","sgb_onehot","sgb_filtered","sgb_pca","sgb_smote","sgb_weighted"
"1",0.744706604194556,0.735854529228023,0.418998215082552,0.744461178045515,0.786970102632753,0.734287148594377,0.729830432842481,0.470632530120482,0.720102632753235,0.773538598839804,0.731275100401606,0.742447568049978,0.401924364123159,0.737053770638108,0.778748326639893
"2",0.567292267201404,0.568470359694197,0.541947612482767,0.54808559969921,0.532087354305051,0.539923549316957,0.553117558591302,0.521578518611355,0.549041233237248,0.520892342398797,0.554214187241509,0.54529702970297,0.534775661110415,0.542151272089234,0.52828988595062
"3",0.562847866419295,0.530451691165977,0.457010846296561,0.574179392036535,0.622977022977023,0.542168545739974,0.568909661766805,0.448390894819466,0.591148137576709,0.615352504638219,0.560018552875696,0.553186099614671,0.436670472384758,0.579495504495504,0.610443128300271
