"","rf_onehot","rf_filtered","rf_pca","rf_smote","rf_weighted","gbm_onehot","gbm_filtered","gbm_pca","gbm_smote","gbm_weighted","sgb_onehot","sgb_filtered","sgb_pca","sgb_smote","sgb_weighted"
"1",0.141426783479349,0.133917396745932,0.18648310387985,0.171464330413016,0.241551939924906,0.143929912390488,0.143929912390488,0.048811013767209,0.152690863579474,0.249061326658323,0.148936170212766,0.145181476846058,0.18523153942428,0.168961201501877,0.247809762202753
"2",0.693366708385482,0.811013767209011,0.72090112640801,0.509386733416771,0.262828535669587,0.678347934918648,0.618272841051314,0.862327909887359,0.53566958698373,0.25657071339174,0.632040050062578,0.645807259073842,0.690863579474343,0.480600750938673,0.266583229036295
"3",0.165206508135169,0.0550688360450563,0.0926157697121402,0.319148936170213,0.495619524405507,0.177722152690864,0.237797246558198,0.0888610763454318,0.311639549436796,0.494367959949937,0.219023779724656,0.2090112640801,0.123904881101377,0.350438047559449,0.485607008760951
