"","rf_onehot","rf_filtered","rf_pca","rf_smote","rf_weighted","gbm_onehot","gbm_filtered","gbm_pca","gbm_smote","gbm_weighted","sgb_onehot","sgb_filtered","sgb_pca","sgb_smote","sgb_weighted"
"1",0.0926157697121402,0.0888610763454318,0.00876095118898623,0.097622027534418,0.121401752190238,0.0901126408010012,0.0888610763454318,0,0.0876095118898623,0.118898623279099,0.0901126408010012,0.0926157697121402,0.00375469336670839,0.0951188986232791,0.120150187734668
"2",0.384230287859825,0.444305381727159,0.385481852315394,0.281602002503129,0.148936170212766,0.362953692115144,0.339173967459324,0.446808510638298,0.295369211514393,0.14017521902378,0.346683354192741,0.34918648310388,0.366708385481852,0.264080100125156,0.148936170212766
"3",0.081351689612015,0.0312891113892365,0.0112640801001252,0.136420525657071,0.215269086357947,0.0763454317897372,0.107634543178974,0.00625782227784731,0.141426783479349,0.211514392991239,0.097622027534418,0.0913642052565707,0.0125156445556946,0.148936170212766,0.206508135168961
