"","rf_onehot","rf_filtered","rf_pca","rf_smote","rf_weighted","gbm_onehot","gbm_filtered","gbm_pca","gbm_smote","gbm_weighted","sgb_onehot","sgb_filtered","sgb_pca","sgb_smote","sgb_weighted"
"1",0.596774193548387,0.586776859504132,0.0492957746478873,0.573529411764706,0.591463414634146,0.576,0.568,NA,0.544747081712062,0.568862275449102,0.566929133858268,0.589641434262948,0.0212014134275618,0.562962962962963,0.576576576576577
"2",0.640918580375783,0.67490494296578,0.628571428571429,0.554870530209618,0.387622149837134,0.613107822410148,0.603563474387528,0.653247941445563,0.567307692307692,0.367816091954023,0.60946094609461,0.606521739130435,0.612970711297071,0.535532994923858,0.385737439222042
"3",0.331632653061224,0.164473684210526,0.0538922155688623,0.423300970873786,0.524390243902439,0.303482587064677,0.382222222222222,0.0302114803625378,0.444007858546169,0.516030534351145,0.358620689655172,0.34192037470726,0.0557103064066852,0.440740740740741,0.509259259259259
