"","onehot","filtered","pca","smote","weighted"
"rf",0.523108475661798,0.475385162226813,0.243919806262726,0.517233637616037,0.50115860279124
"gbm",0.497530136491608,0.517928565536583,0.34172971090405,0.518687544188641,0.484236300584757
"sgb",0.511670256536017,0.512694516033548,0.229960810377106,0.51307889954252,0.490524425019293
