"","rf_onehot","rf_filtered","rf_pca","rf_smote","rf_weighted","gbm_onehot","gbm_filtered","gbm_pca","gbm_smote","gbm_weighted","sgb_onehot","sgb_filtered","sgb_pca","sgb_smote","sgb_weighted"
"1",0.911078717201166,0.907514450867052,0.803076923076923,0.913897280966767,0.937293729372937,0.907894736842105,0.906432748538012,0.822368421052632,0.903988183161004,0.933333333333333,0.907352941176471,0.910688140556369,0.797235023041475,0.911144578313253,0.935108153078203
"2",0.604081632653061,0.675496688741722,0.569506726457399,0.543367346938776,0.516129032258065,0.556420233463035,0.563934426229508,0.572727272727273,0.547169811320755,0.508417508417508,0.568027210884354,0.558303886925795,0.550607287449393,0.534939759036145,0.513651877133106
"3",0.707646176911544,0.688741721854305,0.653793103448276,0.722426470588235,0.781637717121588,0.697108066971081,0.714285714285714,0.649725274725275,0.732727272727273,0.774752475247525,0.708333333333333,0.704113924050633,0.642857142857143,0.728323699421965,0.768856447688565
