"","rf_onehot","rf_filtered","rf_pca","rf_smote","rf_weighted","gbm_onehot","gbm_filtered","gbm_pca","gbm_smote","gbm_weighted","sgb_onehot","sgb_filtered","sgb_pca","sgb_smote","sgb_weighted"
"1",0.654867256637168,0.663551401869159,0.0469798657718121,0.569343065693431,0.50259067357513,0.626086956521739,0.617391304347826,0,0.573770491803279,0.477386934673367,0.605042016806723,0.637931034482759,0.0202702702702703,0.562962962962963,0.484848484848485
"2",0.554151624548736,0.54783950617284,0.534722222222222,0.552825552825553,0.566666666666667,0.535055350553506,0.548582995951417,0.518142235123367,0.551401869158878,0.546341463414634,0.548514851485149,0.540697674418605,0.530797101449275,0.549479166666667,0.55868544600939
"3",0.492424242424242,0.568181818181818,0.121621621621622,0.427450980392157,0.434343434343434,0.429577464788732,0.452631578947368,0.0704225352112676,0.453815261044177,0.427848101265823,0.445714285714286,0.437125748502994,0.101010101010101,0.425,0.425257731958763
