"","rf_onehot","rf_filtered","rf_pca","rf_smote","rf_weighted","gbm_onehot","gbm_filtered","gbm_pca","gbm_smote","gbm_weighted","sgb_onehot","sgb_filtered","sgb_pca","sgb_smote","sgb_weighted"
"1",0.168961201501877,0.168961201501877,0.168961201501877,0.168961201501877,0.168961201501877,0.168961201501877,0.168961201501877,0.168961201501877,0.168961201501877,0.168961201501877,0.168961201501877,0.168961201501877,0.168961201501877,0.168961201501877,0.168961201501877
"2",0.505632040050063,0.505632040050063,0.505632040050063,0.505632040050063,0.505632040050063,0.505632040050063,0.505632040050063,0.505632040050063,0.505632040050063,0.505632040050063,0.505632040050063,0.505632040050063,0.505632040050063,0.505632040050063,0.505632040050063
"3",0.32540675844806,0.32540675844806,0.32540675844806,0.32540675844806,0.32540675844806,0.32540675844806,0.32540675844806,0.32540675844806,0.32540675844806,0.32540675844806,0.32540675844806,0.32540675844806,0.32540675844806,0.32540675844806,0.32540675844806
