"","rf_onehot","rf_filtered","rf_pca","rf_smote","rf_weighted","gbm_onehot","gbm_filtered","gbm_pca","gbm_smote","gbm_weighted","sgb_onehot","sgb_filtered","sgb_pca","sgb_smote","sgb_weighted"
"1",0.548148148148148,0.525925925925926,0.0518518518518519,0.577777777777778,0.718518518518519,0.533333333333333,0.525925925925926,0,0.518518518518518,0.703703703703704,0.533333333333333,0.548148148148148,0.0222222222222222,0.562962962962963,0.711111111111111
"2",0.75990099009901,0.878712871287129,0.762376237623762,0.556930693069307,0.294554455445545,0.717821782178218,0.670792079207921,0.883663366336634,0.584158415841584,0.277227722772277,0.685643564356436,0.69059405940594,0.725247524752475,0.522277227722772,0.294554455445545
"3",0.25,0.0961538461538462,0.0346153846153846,0.419230769230769,0.661538461538462,0.234615384615385,0.330769230769231,0.0192307692307692,0.434615384615385,0.65,0.3,0.280769230769231,0.0384615384615385,0.457692307692308,0.634615384615385
