"","rf_onehot","rf_filtered","rf_pca","rf_smote","rf_weighted","gbm_onehot","gbm_filtered","gbm_pca","gbm_smote","gbm_weighted","sgb_onehot","sgb_filtered","sgb_pca","sgb_smote","sgb_weighted"
"1",0.941265060240964,0.94578313253012,0.786144578313253,0.911144578313253,0.855421686746988,0.935240963855422,0.933734939759036,0.941265060240964,0.921686746987952,0.843373493975904,0.92921686746988,0.936746987951807,0.781626506024096,0.911144578313253,0.846385542168675
"2",0.374683544303797,0.258227848101266,0.321518987341772,0.539240506329114,0.769620253164557,0.362025316455696,0.435443037974684,0.159493670886076,0.513924050632911,0.764556962025316,0.422784810126582,0.4,0.344303797468354,0.562025316455696,0.762025316455696
"3",0.87569573283859,0.964749536178108,0.879406307977737,0.729128014842301,0.584415584415584,0.849721706864564,0.807050092764378,0.877551020408163,0.747680890538033,0.580705009276438,0.820037105751391,0.825602968460111,0.834879406307978,0.701298701298701,0.586270871985158
